<assembly xmlns="http://maven.apache.org/plugins/maven-assembly-plugin/assembly/1.1.0"

          xmlns:xsi="http://www.w3.org/2001/XMLSchema-instance"

          xsi:schemaLocation="http://maven.apache.org/plugins/maven-assembly-plugin/assembly/1.1.0 http://maven.apache.org/xsd/assembly-1.1.0.xsd">

    <id></id>
    <formats>
        <format>tar.gz</format>
        <format>dir</format>
    </formats>

    <includeBaseDirectory>true</includeBaseDirectory>

    <fileSets>
        <fileSet>
            <directory>${project.basedir}/bin</directory>
            <outputDirectory>/bin</outputDirectory>
            <fileMode>0755</fileMode>
        </fileSet>
        <fileSet>
            <includes>
                <include>${project.basedir}/config/**</include>
            </includes>
        </fileSet>
    </fileSets>

    <dependencySets>
        <dependencySet>
            <outputDirectory>lib</outputDirectory>
            <useProjectArtifact>true</useProjectArtifact>
            <scope>runtime</scope>
        </dependencySet>
    </dependencySets>

</assembly>